,features
0,a_baby_bird
1,a_baby_cow
2,a_baby_deer
3,a_baby_fish
4,a_baby_is_a_kitten
5,a_baby_is_a_lamb
6,a_baby_is_a_piglet
7,a_bag
8,a_barrier
9,a_basin
10,a_berry
11,a_bike
12,a_bikini
13,a_bird
14,a_birth_stone
15,a_board
16,a_boat
17,a_bolts
18,a_branch
19,a_bug
20,a_building
21,a_cab
22,a_cape
23,a_car
24,a_carnivore
25,a_cat
26,a_chair
27,a_chicken
28,a_chinese_language
29,a_church
30,a_coat
31,a_colour
32,a_coniferous
33,a_container
34,a_cow
35,a_crustacean
36,a_cup
37,a_curtains
38,a_cutlery
39,a_dairy_product
40,a_deer
41,a_desk
42,a_dessert
43,a_dish
44,a_dog
45,a_dress
46,a_dresser
47,a_drink
48,a_fashion_accessory
49,a_faucet
50,a_feline
51,a_fish
52,a_flower
53,a_food
54,a_footwear
55,a_frog
56,a_fruit
57,a_fungus
58,a_grain
59,a_gun
60,a_hardware
61,a_hat
62,a_herb
63,a_herbivore
64,a_horse
65,a_hotel
66,a_house
67,a_jacket
68,a_jewel
69,a_jewelry
70,a_knife
71,a_light_fixture
72,a_lingerie
73,a_lizard
74,a_loaf
75,a_long_knife
76,a_machine
77,a_male_chicken
78,a_mammal
79,a_melon
80,a_mittens
81,a_mug
82,a_music
83,a_musical_instrument
84,a_nut
85,a_pan
86,a_pants
87,a_pantyhose
88,a_paper
89,a_pest
90,a_pet
91,a_piano
92,a_pillow
93,a_plant
94,a_plate
95,a_poultry
96,a_predator
97,a_prize
98,a_rabbit
99,a_relative_of_cats
100,a_relative_of_frogs
101,a_relative_of_humans
102,a_reptile
103,a_reward
104,a_rock
105,a_rodent
106,a_room
107,a_root
108,a_rug
109,a_safety_accessory
110,a_scavenger
111,a_seafood
112,a_seasoning
113,a_shirt
114,a_shoe
115,a_shovel
116,a_sign
117,a_small_horse
118,a_snake
119,a_space
120,a_spice
121,a_spoon
122,a_stairs
123,a_stick
124,a_stockings
125,a_stone
126,a_tap
127,a_tights
128,a_tool
129,a_toy
130,a_train
131,a_treat
132,a_tree
133,a_truck
134,a_tube
135,a_turtle
136,a_type_of_wood
137,a_ufo
138,a_utensil
139,a_van
140,a_vegetable
141,a_vehicle
142,a_vice
143,a_watch
144,a_weapon
145,a_weed
146,a_wolf
147,a_wonder_of_the_world
148,a_woodwind
149,an_airplane
150,an_amphibian
151,an_animal
152,an_appliance
153,an_award
154,an_axe
155,an_evergreen
156,an_explosive
157,an_inanimate
158,an_insect
159,an_instrument
160,an_oven
161,an_undergarment
162,associated_with_2_bedrooms
163,associated_with_achievements
164,associated_with_angels
165,associated_with_babies
166,associated_with_bad_hair_days
167,associated_with_baseball
168,associated_with_batman
169,associated_with_bell
170,associated_with_cartoons
171,associated_with_cheese
172,associated_with_china
173,associated_with_cigarettes
174,associated_with_couch_potato
175,associated_with_dracula
176,associated_with_easter
177,associated_with_envelopes
178,associated_with_eskimos
179,associated_with_fairy_tales
180,associated_with_football_games
181,associated_with_holidays
182,associated_with_hot_air_balloons
183,associated_with_humans
184,associated_with_knights
185,associated_with_lion_king
186,associated_with_morning
187,associated_with_olympics
188,associated_with_pageants
189,associated_with_polkas
190,associated_with_popeye
191,associated_with_religion
192,associated_with_rock_and_roll
193,associated_with_saddles
194,associated_with_scotland
195,associated_with_snakes
196,associated_with_sneezing
197,associated_with_superman
198,associated_with_swimming_pools
199,associated_with_swords
200,associated_with_the_house_of_god
201,associated_with_training
202,associated_with_vampires
203,associated_with_winning
204,associated_with_winter
205,associated_with_witches
206,becomes_a_butterfly
207,beh_-_bahs
208,beh_-_bark_peals_off
209,beh_-_barks
210,beh_-_bites
211,beh_-_branches_droop_down
212,beh_-_breathes
213,beh_-_builds_dams
214,beh_-_builds_nests
215,beh_-_burrows
216,beh_-_buzzes
217,beh_-_cannot_fly
218,beh_-_caws
219,beh_-_chases
220,beh_-_chases_cats
221,beh_-_chews_on_wood
222,beh_-_chirps
223,beh_-_climbs
224,beh_-_climbs_trees
225,beh_-_clucks
226,beh_-_cocoons
227,beh_-_communicates
228,beh_-_coos
229,beh_-_crawls
230,beh_-_croaks
231,beh_-_crows
232,beh_-_cuts_down_trees
233,beh_-_digs_holes
234,beh_-_does_tricks
235,beh_-_drinks
236,beh_-_drinks_water
237,beh_-_eats
238,beh_-_eats_animals
239,beh_-_eats_anything
240,beh_-_eats_bananas
241,beh_-_eats_bugs
242,beh_-_eats_carrots
243,beh_-_eats_cheese
244,beh_-_eats_clothing
245,beh_-_eats_dead_flesh
246,beh_-_eats_fish
247,beh_-_eats_fish_food
248,beh_-_eats_flies
249,beh_-_eats_garbage
250,beh_-_eats_grain
251,beh_-_eats_grass
252,beh_-_eats_hay
253,beh_-_eats_insects
254,beh_-_eats_leaves
255,beh_-_eats_mice
256,beh_-_eats_nuts
257,beh_-_eats_peanuts
258,beh_-_eats_people
259,beh_-_eats_rodents
260,beh_-_eats_seeds
261,beh_-_eats_small_animals
262,beh_-_eats_water_plants
263,beh_-_eats_worms
264,beh_-_fans_tail_feathers
265,beh_-_flies
266,beh_-_gobbles
267,beh_-_hates_red
268,beh_-_hibernates
269,beh_-_honks
270,beh_-_hoots
271,beh_-_hops
272,beh_-_howls
273,beh_-_hunts
274,beh_-_is_attracted_to_light
275,beh_-_is_nocturnal
276,beh_-_is_quiet
277,beh_-_jumps
278,beh_-_kills
279,beh_-_kills_people
280,beh_-_laughs
281,beh_-_lays_blue_eggs
282,beh_-_lays_eggs
283,beh_-_lays_large_eggs
284,beh_-_likes_flowers
285,beh_-_loses_leaves_in_the_fall
286,beh_-_makes_loud_noises
287,beh_-_makes_noises
288,beh_-_meows
289,beh_-_migrates
290,beh_-_moos
291,beh_-_oinks
292,beh_-_pecks
293,beh_-_pollinates_flowers
294,beh_-_produces_manure
295,beh_-_produces_milk
296,beh_-_produces_offspring
297,beh_-_produces_poison
298,beh_-_produces_pollen
299,beh_-_purrs
300,beh_-_puts_holes_in_trees
301,beh_-_quacks
302,beh_-_rattles
303,beh_-_roars
304,beh_-_runs
305,beh_-_runs_fast
306,beh_-_runs_on_wheels
307,beh_-_screeches
308,beh_-_sees_its_shadow
309,beh_-_sees_well
310,beh_-_shoots_ink
311,beh_-_shoots_quills
312,beh_-_sings
313,beh_-_sits_on_lily_pads
314,beh_-_sleeps_upside_down
315,beh_-_slithers
316,beh_-_soars
317,beh_-_spins_webs
318,beh_-_spits
319,beh_-_spouts_water
320,beh_-_sprays_when_in_danger
321,beh_-_squawks
322,beh_-_squeaks
323,beh_-_squeals
324,beh_-_stains
325,beh_-_stands_on_one_leg
326,beh_-_sticks_head_in_sand
327,beh_-_stings
328,beh_-_stores_water
329,beh_-_strangles_prey
330,beh_-_suckles_milk
331,beh_-_sucks_blood
332,beh_-_swims
333,beh_-_swims_fast
334,beh_-_swims_in_schools
335,beh_-_swings_from_trees
336,beh_-_talks
337,beh_-_travels_in_herds
338,beh_-_uses_radar_to_navigate
339,beh_-_waddles
340,beh_-_walks
341,beh_-_walks_sideways
342,beh_-_walks_slowly
343,beh_-_wiggles
344,beh_-_will_snap_at_people
345,bought/sold_in_hardware_stores
346,bought/sold_in_stores
347,carries_disease
348,causes_allergies
349,causes_bad_breath
350,causes_cancer
351,causes_crying/tears
352,causes_disease
353,causes_freezer_burn
354,causes_gas
355,causes_itching
356,causes_pollution
357,clothing
358,comes_from_a_caterpillar
359,comes_from_a_cocoon
360,comes_from_trees
361,comes_frozen
362,comes_in_a_brine
363,comes_in_arrangements
364,comes_in_bags
365,comes_in_boxes
366,comes_in_bulbs
367,comes_in_bunches
368,comes_in_cans
369,comes_in_cloves
370,comes_in_jars
371,comes_in_pairs
372,comes_in_rolls
373,comes_in_small_pieces
374,comes_on_cobs
375,different_colours
376,different_designs
377,different_kinds
378,different_lengths
379,different_shapes
380,different_sizes
381,different_speeds
382,different_styles
383,different_types
384,dropped_from_airplanes
385,eaten_as_bacon
386,eaten_as_beef
387,eaten_as_coleslaw
388,eaten_as_escargot
389,eaten_as_food
390,eaten_as_french_fries
391,eaten_as_ham
392,eaten_as_jam
393,eaten_as_meat
394,eaten_as_pickles
395,eaten_as_popcorn
396,eaten_as_pork
397,eaten_as_prunes_(dried)
398,eaten_as_sauces
399,eaten_as_seasoning
400,eaten_as_toast
401,eaten_as_veal
402,eaten_at_birthdays
403,eaten_at_christmas
404,eaten_at_special_occasions
405,eaten_at_thanksgiving
406,eaten_at_weddings
407,eaten_by_animals
408,eaten_by_baking
409,eaten_by_birds
410,eaten_by_boiling
411,eaten_by_catching
412,eaten_by_chopping
413,eaten_by_cooking
414,eaten_by_fish
415,eaten_by_frying
416,eaten_by_lions
417,eaten_by_mashing
418,eaten_by_mice
419,eaten_by_monkeys
420,eaten_by_natives
421,eaten_by_old_people
422,eaten_by_peeling
423,eaten_by_people
424,eaten_by_rabbits
425,eaten_by_steaming
426,eaten_by_stuffing
427,eaten_for_breakfast
428,eaten_for_constipation
429,eaten_for_dieting
430,eaten_for_helping_digestion
431,eaten_in_borscht
432,eaten_in_breads
433,eaten_in_cabbage_rolls
434,eaten_in_cereals
435,eaten_in_fruit_salads
436,eaten_in_jams
437,eaten_in_martinis
438,eaten_in_pasta
439,eaten_in_pies
440,eaten_in_salads
441,eaten_in_sandwiches
442,eaten_in_sauces
443,eaten_in_soups
444,eaten_in_spaghetti_sauce
445,eaten_in_summer
446,eaten_on_pizza
447,eaten_raw
448,eaten_with_butter
449,eaten_with_cheese_sauce
450,eaten_with_dips
451,eaten_with_dressings
452,eaten_with_food
453,eaten_with_gravy
454,eaten_with_hamburgers
455,eaten_with_ice_cream
456,eaten_with_stuffing
457,eaten_with_tea
458,eaten_with_turkey
459,eg_-_a_drawbridge
460,eg_-_a_king
461,eg_-_a_pull-over
462,eg_-_acoustic
463,eg_-_apple_pie
464,eg_-_bambi
465,eg_-_barbie
466,eg_-_baseball
467,eg_-_bell_bottoms
468,eg_-_bow
469,eg_-_cheddar
470,eg_-_chocolate_cake
471,eg_-_cowboy
472,eg_-_digital
473,eg_-_dolls
474,eg_-_dump
475,eg_-_electric
476,eg_-_flying_saucer
477,eg_-_grand
478,eg_-_granny_smith
479,eg_-_iceberg
480,eg_-_jeans
481,eg_-_kidney
482,eg_-_lima
483,eg_-_mallard
484,eg_-_maraschino
485,eg_-_metal
486,eg_-_mini_skirt
487,eg_-_monarch
488,eg_-_mountain
489,eg_-_picket
490,eg_-_rifle
491,eg_-_romaine
492,eg_-_spanish
493,eg_-_sport
494,eg_-_swiss
495,eg_-_t-shirt
496,eg_-_ten_speed
497,eg_-_vanilla_cake
498,eg_-_wood
499,eg_weeping
500,found_at_bus_stops
501,found_at_funerals
502,found_at_tables
503,found_at_the_end_of_a_gun
504,found_at_trailer_parks
505,found_below_ground
506,found_beside_salt
507,found_by_doors
508,found_in_airports
509,found_in_back_yards
510,found_in_ballrooms
511,found_in_bars
512,found_in_basements
513,found_in_bathrooms
514,found_in_bathtubs
515,found_in_bedrooms
516,found_in_buildings
517,found_in_cafeterias
518,found_in_cars
519,found_in_cartoons
520,found_in_cities
521,found_in_clams
522,found_in_classrooms
523,found_in_closets
524,found_in_cupboards
525,found_in_dens
526,found_in_deserts
527,found_in_dining_rooms
528,found_in_egypt
529,found_in_forests
530,found_in_gardens
531,found_in_grocery_stores
532,found_in_hair_salons
533,found_in_hallways
534,found_in_high-rises
535,found_in_houses
536,found_in_kitchens
537,found_in_laboratories
538,found_in_large_cities
539,found_in_libraries
540,found_in_living_rooms
541,found_in_malls
542,found_in_new_york
543,found_in_oceans
544,found_in_offices
545,found_in_orchestras
546,found_in_oysters
547,found_in_parks
548,found_in_rooms
549,found_in_schools
550,found_in_seas
551,found_in_sewing_kits
552,found_in_sinks
553,found_in_summer
554,found_in_the_country
555,found_in_toolboxes
556,found_in_trees
557,found_in_vases
558,found_in_water
559,found_in_workshops
560,found_near_the_ocean
561,found_near_the_water
562,found_on_beaches
563,found_on_beds
564,found_on_belts
565,found_on_boats
566,found_on_ceilings
567,found_on_chains
568,found_on_chairs
569,found_on_couches
570,found_on_doors
571,found_on_farms
572,found_on_floors
573,found_on_gifts
574,found_on_horses_backs
575,found_on_shelves
576,found_on_shoes
577,found_on_sinks
578,found_on_tables
579,found_on_the_bottom_floor
580,found_on_the_nickel
581,found_on_walls
582,found_on_water
583,found_outdoors
584,found_over_bathtubs
585,found_over_sinks
586,found_over_water
587,found_underground
588,furniture
589,grows_in_california
590,grows_in_fields
591,grows_in_florida
592,grows_in_forests
593,grows_in_gardens
594,grows_in_grass
595,grows_in_hawaii
596,grows_in_oceans
597,grows_in_patches
598,grows_in_pods
599,grows_in_seas
600,grows_in_the_ground
601,grows_in_the_summer
602,grows_in_the_wild
603,grows_in_tropical_climates
604,grows_in_warm_climates
605,grows_in_water
606,grows_on_bushes
607,grows_on_houses
608,grows_on_palm_trees
609,grows_on_plants
610,grows_on_the_ground
611,grows_on_trees
612,grows_on_vines
613,grows_underground
614,has_18_wheels
615,has_1_level
616,has_1_piece
617,has_1_wheel
618,has_2_arms
619,has_2_blades
620,has_2_buttons
621,has_2_feet
622,has_2_handles
623,has_2_humps
624,has_2_legs
625,has_2_pieces
626,has_2_pointed_ends
627,has_2_prongs
628,has_2_wheels
629,has_3_buttons
630,has_3_legs
631,has_3_prongs
632,has_3_valves
633,has_3_wheels
634,has_4_doors
635,has_4_hoofs
636,has_4_legs
637,has_4_prongs
638,has_4_sides
639,has_4_wheels
640,has_6_bullets
641,has_6_legs
642,has_6_sides
643,has_8_legs
644,has_8_tentacles
645,has_>_4_wheels
646,has_a_back
647,has_a_bag
648,has_a_balcony
649,has_a_ball
650,has_a_ball_inside
651,has_a_ball_point
652,has_a_bar
653,has_a_barrel
654,has_a_basement
655,has_a_bathroom
656,has_a_beak
657,has_a_beard
658,has_a_bed
659,has_a_bedroom
660,has_a_bell
661,has_a_belt
662,has_a_bench
663,has_a_bill
664,has_a_bin
665,has_a_blade
666,has_a_bow
667,has_a_box_spring
668,has_a_breast
669,has_a_brown_outside
670,has_a_bushy_tail
671,has_a_caboose
672,has_a_candle
673,has_a_cap
674,has_a_carrying_capacity
675,has_a_case
676,has_a_cassette_deck
677,has_a_cd_player
678,has_a_chain
679,has_a_charm
680,has_a_chin_rest
681,has_a_clasp
682,has_a_clefted_head/claw
683,has_a_closet
684,has_a_collar
685,has_a_comb
686,has_a_comforter
687,has_a_concave_end/ladle
688,has_a_congregation
689,has_a_container
690,has_a_cord
691,has_a_core
692,has_a_cork
693,has_a_cover
694,has_a_covering
695,has_a_cross
696,has_a_crust
697,has_a_curly_end
698,has_a_curly_tail
699,has_a_cushion
700,has_a_dead_nose
701,has_a_dial
702,has_a_door
703,has_a_drain
704,has_a_drain_plug
705,has_a_dresser
706,has_a_face
707,has_a_filter
708,has_a_finish_signal
709,has_a_fireplace
710,has_a_flat_head
711,has_a_flat_head_(slot)
712,has_a_flat_surface
713,has_a_foot_rest
714,has_a_foundation
715,has_a_frame
716,has_a_freezer
717,has_a_furnace
718,has_a_green_outside
719,has_a_green_stem
720,has_a_green_top
721,has_a_guard
722,has_a_hand_grip
723,has_a_handle
724,has_a_hard_cover
725,has_a_hard_shell
726,has_a_hay_loft
727,has_a_head
728,has_a_headboard
729,has_a_hidden_bed
730,has_a_hitch
731,has_a_hole
732,has_a_hood
733,has_a_hump
734,has_a_kitchen
735,has_a_knob
736,has_a_knot
737,has_a_label
738,has_a_large_beak
739,has_a_large_pit
740,has_a_latch
741,has_a_leafy_top
742,has_a_lid
743,has_a_light_inside
744,has_a_lighthouse
745,has_a_lining
746,has_a_lock
747,has_a_long_barrel
748,has_a_long_beak
749,has_a_long_blade
750,has_a_long_handle
751,has_a_long_mane
752,has_a_long_neck
753,has_a_long_tail
754,has_a_long_tongue
755,has_a_mane
756,has_a_mask
757,has_a_mast
758,has_a_mattress
759,has_a_message
760,has_a_metal_blade
761,has_a_metal_end
762,has_a_metal_head
763,has_a_mirror_on_top
764,has_a_motor
765,has_a_mouth
766,has_a_mouth-piece
767,has_a_mouthpiece
768,has_a_name_on_it
769,has_a_neck
770,has_a_nose
771,has_a_nozzle
772,has_a_pendant
773,has_a_periscope
774,has_a_phillips_head
775,has_a_pillow_case
776,has_a_pin
777,has_a_pit
778,has_a_plug
779,has_a_pointed_end
780,has_a_propeller
781,has_a_radio
782,has_a_rattle_on_tail
783,has_a_receiver
784,has_a_red_breast
785,has_a_red_outside
786,has_a_retractable_head
787,has_a_ribbon
788,has_a_ring_in_its_nose
789,has_a_roof
790,has_a_round_end
791,has_a_screw_end
792,has_a_screw_on_lid
793,has_a_seal
794,has_a_seat
795,has_a_shade
796,has_a_sheath
797,has_a_sheet
798,has_a_shell
799,has_a_shirt
800,has_a_signature
801,has_a_siren
802,has_a_skin
803,has_a_slide_valve
804,has_a_snout
805,has_a_soft_cover
806,has_a_spout
807,has_a_steering_wheel
808,has_a_stem
809,has_a_stinger
810,has_a_stone
811,has_a_stone_blade
812,has_a_strap
813,has_a_string
814,has_a_stripe
815,has_a_strong_beak
816,has_a_sun_roof
817,has_a_surface
818,has_a_switch
819,has_a_tail
820,has_a_television
821,has_a_temperature_control
822,has_a_thumb
823,has_a_thumb_(1)_and_all_fingers_(2)
824,has_a_timer
825,has_a_tongue
826,has_a_top
827,has_a_trigger
828,has_a_trunk
829,has_a_turntable
830,has_a_visor
831,has_a_wet_nose
832,has_a_white_tail
833,has_a_wick
834,has_a_window
835,has_a_wooden_handle
836,has_a_y_shaped_part
837,has_a_zipper
838,has_adjustable_volume_control
839,has_advertisements
840,has_alcohol
841,has_an_alarm
842,has_an_alter
843,has_an_antenna
844,has_an_end
845,has_an_engine
846,has_an_eraser
847,has_an_eraser_on_end
848,has_an_inside
849,has_an_outside
850,has_an_oven
851,has_an_udder
852,has_antennae
853,has_antlers
854,has_armrests
855,has_articles
856,has_authors
857,has_bark
858,has_bars
859,has_bathrooms
860,has_batteries
861,has_beady_eyes
862,has_bedrooms
863,has_beds
864,has_belt_loops
865,has_benches
866,has_big_ears
867,has_bindings
868,has_bits
869,has_black_spots
870,has_blades
871,has_blankets
872,has_blubber
873,has_bowls
874,has_brakes
875,has_branches
876,has_bristles
877,has_bubbles
878,has_buckles
879,has_buttons
880,has_cables
881,has_candles
882,has_carbohydrates
883,has_chairs
884,has_clasps
885,has_claws
886,has_clergy
887,has_cold_water_(left)
888,has_connections
889,has_cuffs
890,has_cups
891,has_cushions
892,has_cutting_blades
893,has_decks
894,has_dials
895,has_different_heads
896,has_different_sized_drill_bits
897,has_different_sizes_of_grains/textures
898,has_dimples
899,has_doors
900,has_drawers
901,has_ears
902,has_edges
903,has_elastic
904,has_elements
905,has_elevators
906,has_engines
907,has_eyepieces
908,has_eyes
909,has_fangs
910,has_feather_filling
911,has_feathers
912,has_feet
913,has_fibre
914,has_filling
915,has_fine_sand_covering_it
916,has_fingers
917,has_fins
918,has_fireplaces
919,has_flashing_lights
920,has_flippers
921,has_flowers
922,has_foam_filling
923,has_food
924,has_four-wheel_drive
925,has_freon
926,has_fur
927,has_fuzzy_skin
928,has_gears
929,has_gills
930,has_glass
931,has_glossy_pages
932,has_graffiti
933,has_grapes
934,has_green_leaves
935,has_green_skin
936,has_guns
937,has_hair
938,has_handle_bars
939,has_handles
940,has_handrails
941,has_hands
942,has_hangers
943,has_hanging_bars
944,has_heels
945,has_high_heels
946,has_hinges
947,has_holders
948,has_holes
949,has_honey
950,has_hooks
951,has_hooves
952,has_horns
953,has_hot_water_(right)
954,has_husks
955,has_ice_inside
956,has_information
957,has_ink
958,has_jaws
959,has_jewels
960,has_kernels
961,has_keys
962,has_lace
963,has_laces
964,has_large_ears
965,has_large_eyes
966,has_large_teeth
967,has_large_tusks
968,has_large_wheels
969,has_layers
970,has_leather_seats
971,has_leaves
972,has_legs
973,has_lenses
974,has_letters
975,has_levels
976,has_lightbulbs
977,has_links
978,has_lists_of_foods
979,has_lists_of_prices
980,has_logos
981,has_long_legs
982,has_long_sleeves
983,has_long_tail_feathers
984,has_lots_of_water_inside
985,has_many_cars
986,has_many_floors
987,has_many_legs
988,has_many_seats
989,has_mercury
990,has_metal_bands
991,has_milk
992,has_minerals
993,has_mirrors
994,has_needles
995,has_nicotine
996,has_no_backrest
997,has_no_fingers
998,has_no_fuzz
999,has_no_roof
1000,has_no_seeds
1001,has_no_sleeves
1002,has_no_straps
1003,has_nuclear_missiles
1004,has_numbers
1005,has_own_clothes
1006,has_paddles/is_paddled
1007,has_page_numbers
1008,has_pages
1009,has_pants
1010,has_patterns
1011,has_paws
1012,has_pearls
1013,has_pedals
1014,has_peel
1015,has_pictures
1016,has_pillows
1017,has_pinchers
1018,has_pipes
1019,has_pleats
1020,has_pockets
1021,has_pods
1022,has_poles
1023,has_potato_eyes
1024,has_powerful_jaws
1025,has_prongs
1026,has_propellers
1027,has_protein
1028,has_pulp
1029,has_quills
1030,has_racks
1031,has_reeds
1032,has_ridges
1033,has_rims
1034,has_rind
1035,has_rips
1036,has_roll_bars
1037,has_rooms
1038,has_rough_skin
1039,has_runs
1040,has_sails
1041,has_scales
1042,has_seams
1043,has_seats
1044,has_sections
1045,has_seeds
1046,has_sentimental_value
1047,has_shakers_inside
1048,has_sharp_teeth
1049,has_sheets
1050,has_shelves
1051,has_short_sleeves
1052,has_sides
1053,has_skin
1054,has_sleeves
1055,has_sliding_doors
1056,has_smooth_skin
1057,has_soles
1058,has_speakers
1059,has_spokes
1060,has_spots
1061,has_springs
1062,has_stained_glass_windows
1063,has_stairs
1064,has_stairways
1065,has_stalks
1066,has_stalls
1067,has_starch
1068,has_steps
1069,has_stirrups
1070,has_stitching
1071,has_straight_edges
1072,has_straps
1073,has_strings
1074,has_stripes
1075,has_suction_cups
1076,has_talons
1077,has_taps
1078,has_teeth
1079,has_teflon_coating
1080,has_tenants
1081,has_tentacles
1082,has_thin/spaghetti_straps
1083,has_threads
1084,has_tinted_windows
1085,has_toes
1086,has_tombs
1087,has_tracks
1088,has_training_wheels
1089,has_tusks
1090,has_units
1091,has_units_-_cm
1092,has_units_-_inches
1093,has_value
1094,has_valves
1095,has_vitamin_a
1096,has_vitamin_c
1097,has_walls
1098,has_warheads
1099,has_warts
1100,has_water
1101,has_water_controls
1102,has_webbed_feet
1103,has_wheels
1104,has_whiskers
1105,has_white_laces
1106,has_windows
1107,has_wings
1108,has_wires
1109,has_wool
1110,has_words_in_it
1111,has_words_on_it
1112,has_zippers
1113,herded_by_shepherds
1114,hunted_by_eskimos
1115,hunted_by_people
1116,inbeh_-_breaks
1117,inbeh_-_burns
1118,inbeh_-_bursts
1119,inbeh_-_clicks
1120,inbeh_-_clogs
1121,inbeh_-_crashes
1122,inbeh_-_dries_quickly
1123,inbeh_-_expands
1124,inbeh_-_explodes
1125,inbeh_-_fades
1126,inbeh_-_fires
1127,inbeh_-_fires_bullets
1128,inbeh_-_fires_cannon_balls
1129,inbeh_-_flies
1130,inbeh_-_flies_in_the_wind
1131,inbeh_-_floats
1132,inbeh_-_flows_in_the_wind
1133,inbeh_-_gets_caught
1134,inbeh_-_gets_hot
1135,inbeh_-_gets_wet
1136,inbeh_-_gives_bad_luck_if_breaks
1137,inbeh_-_goes_down
1138,inbeh_-_goes_up
1139,inbeh_-_holds_water
1140,inbeh_-_hovers
1141,inbeh_-_leaks
1142,inbeh_-_makes_high_pitched_noise
1143,inbeh_-_melts
1144,inbeh_-_moves
1145,inbeh_-_pops_up
1146,inbeh_-_pricks_fingers
1147,inbeh_-_produces_a_loud_noise_when_fired
1148,inbeh_-_produces_a_loud_noise_when_popped
1149,inbeh_-_produces_bass_notes
1150,inbeh_-_produces_beats
1151,inbeh_-_produces_chords
1152,inbeh_-_produces_deep_sounds
1153,inbeh_-_produces_different_sounds
1154,inbeh_-_produces_heat
1155,inbeh_-_produces_honey
1156,inbeh_-_produces_light
1157,inbeh_-_produces_loud_noise
1158,inbeh_-_produces_music
1159,inbeh_-_produces_noise
1160,inbeh_-_produces_notes
1161,inbeh_-_produces_radiation
1162,inbeh_-_produces_smoke
1163,inbeh_-_produces_sound
1164,inbeh_-_produces_static
1165,inbeh_-_produces_steam
1166,inbeh_-_rings
1167,inbeh_-_rolls
1168,inbeh_-_runs_easily
1169,inbeh_-_sinks
1170,inbeh_-_sprays_water
1171,inbeh_-_surrounds_yards
1172,inbeh_-_tells_stories
1173,inbeh_-_ticks
1174,inbeh_-_tips
1175,inbeh_-_turns
1176,inbeh_-_water_flows_through_it
1177,inbeh_-_water_passes_through
1178,inbeh_-_whistles
1179,inbeh_-_wobbles
1180,is_1_foot_long
1181,is_addictive
1182,is_adjustable
1183,is_adorned_with_feathers
1184,is_ancient
1185,is_annoying
1186,is_attached_by_string
1187,is_attached_to_chains
1188,is_attached_to_ropes
1189,is_bald
1190,is_beautiful
1191,is_beige
1192,is_black
1193,is_blind
1194,is_blue
1195,is_box_shaped
1196,is_braided
1197,is_breakable
1198,is_bright
1199,is_brown
1200,is_bulletproof
1201,is_businesslike
1202,is_casual
1203,is_caught_in_nets
1204,is_cheap
1205,is_citrus
1206,is_clear
1207,is_climbed
1208,is_closed_by_twisting
1209,is_cold
1210,is_colourful
1211,is_comfortable
1212,is_common
1213,is_convenient
1214,is_convertible
1215,is_cool
1216,is_cozy
1217,is_crowded
1218,is_crunchy
1219,is_cuddly
1220,is_curved
1221,is_cute
1222,is_cylindrical
1223,is_damp
1224,is_dangerous
1225,is_dark
1226,is_darned
1227,is_decorative
1228,is_delicate
1229,is_delicious
1230,is_destructive
1231,is_dirty
1232,is_disposable
1233,is_domestic
1234,is_dressy
1235,is_dried
1236,is_durable
1237,is_dusty
1238,is_easily_lost
1239,is_edible
1240,is_efficient
1241,is_electrical
1242,is_electronic
1243,is_elegant
1244,is_emptied
1245,is_endangered
1246,is_engraved
1247,is_erasable
1248,is_expensive
1249,is_fancy
1250,is_fashionable
1251,is_fast
1252,is_fat
1253,is_feminine
1254,is_ferocious
1255,is_flat
1256,is_fluffy
1257,is_formal
1258,is_friendly
1259,is_frightening
1260,is_fun
1261,is_furnished
1262,is_furry
1263,is_furry/fuzzy
1264,is_fuzzy/fluffy
1265,is_gentle
1266,is_gold
1267,is_graceful
1268,is_green
1269,is_grey
1270,is_gritty
1271,is_hairy
1272,is_hand_held
1273,is_hard
1274,is_hard_to_kill
1275,is_harvested
1276,is_healthy
1277,is_heavy
1278,is_high
1279,is_high_in_fat
1280,is_high_off_ground
1281,is_hollow
1282,is_hot
1283,is_humorous
1284,is_independent
1285,is_inexpensive
1286,is_intelligent
1287,is_invented
1288,is_juicy
1289,is_killed
1290,is_knee_high
1291,is_knitted
1292,is_lacy
1293,is_large
1294,is_launched
1295,is_leafy
1296,is_lethal
1297,is_light_weight
1298,is_lit_by_flames
1299,is_long
1300,is_long_lived
1301,is_long_range
1302,is_loud
1303,is_luxurious
1304,is_magical
1305,is_male
1306,"[u""is_man's_best_friend""]"
1307,is_manual
1308,is_measured_in_degrees_celsius
1309,is_measured_in_degrees_fahrenheit
1310,is_mechanical
1311,is_medieval
1312,is_meltable
1313,is_melted
1314,is_messy
1315,is_metric
1316,is_mobile
1317,is_modern
1318,is_muddy
1319,is_musty
1320,is_mysterious
1321,is_non-stick
1322,is_not_expensive
1323,is_not_healthy
1324,is_not_illegal_to_wear
1325,is_nuclear
1326,is_nutritious
1327,is_old
1328,is_old-fashioned
1329,is_open
1330,is_opened_by_twisting
1331,is_orange
1332,is_orange_inside
1333,is_oval
1334,is_picked
1335,is_pink
1336,is_placed_on_laps
1337,is_placed_under_tongues
1338,is_plaid
1339,is_plush
1340,is_poisonous
1341,is_popular
1342,is_portable
1343,is_powerful
1344,is_precious
1345,is_pretty
1346,is_prickly
1347,is_primitive
1348,is_purple
1349,is_quiet
1350,is_rectangular
1351,is_recyclable
1352,is_red
1353,is_restricting
1354,is_rough
1355,is_round
1356,is_run-down
1357,is_scaly
1358,is_scary
1359,is_scented
1360,is_scientific
1361,is_serrated
1362,is_sexy
1363,is_shag
1364,is_sharp
1365,is_sharpened
1366,is_sheer
1367,is_shiny
1368,is_short
1369,is_short-sighted
1370,is_short_lived
1371,is_silver
1372,is_sinkable
1373,is_sleek
1374,is_slender
1375,is_slimy
1376,is_slow
1377,is_sly
1378,is_small
1379,is_smart
1380,is_smelly
1381,is_smooth
1382,is_soft
1383,is_solid
1384,is_spacious
1385,is_sparkly
1386,is_square
1387,is_sticky
1388,is_straight
1389,is_strange_looking
1390,is_stretchy
1391,is_stringy
1392,is_strong
1393,is_strong_smelling
1394,is_stupid
1395,is_tall
1396,is_the_lowest_floor
1397,is_thick
1398,is_thin
1399,is_tied_together_with_rope
1400,is_tight
1401,is_timid
1402,is_trainable
1403,is_transparent
1404,is_trapped
1405,is_triangular
1406,is_tropical
1407,is_twisted
1408,is_ugly
1409,is_uncomfortable
1410,is_underground
1411,is_upholstered
1412,is_useful
1413,is_vicious
1414,is_violent
1415,is_wall_to_wall
1416,is_warm
1417,is_waterproof
1418,is_weaved
1419,is_white
1420,is_white_inside
1421,is_wild
1422,is_worm_infested
1423,is_wrinkled
1424,is_yellow
1425,is_yellow_inside
1426,is_young
1427,juts_out_into_water
1428,killed_for_fur
1429,king_of_the_beasts
1430,king_of_the_jungle
1431,launched_from_airplanes
1432,like_a_bee
1433,like_a_book
1434,like_a_box
1435,like_a_buffalo
1436,like_a_cat
1437,like_a_church
1438,like_a_computer
1439,like_a_cookie
1440,like_a_cow
1441,like_a_cucumber
1442,like_a_deer
1443,like_a_diamond
1444,like_a_dog
1445,like_a_fork
1446,like_a_guitar
1447,like_a_horse
1448,like_a_house
1449,like_a_human
1450,like_a_lemon
1451,like_a_nail
1452,like_a_peach
1453,like_a_potato
1454,like_a_slug
1455,like_a_snake
1456,like_a_stick
1457,like_a_train
1458,like_an_ostrich
1459,likes_cheese
1460,likes_mud
1461,lives_by_the_beach
1462,lives_by_the_ocean
1463,lives_in_a_colony
1464,lives_in_a_hill
1465,lives_in_a_hole
1466,lives_in_a_nest
1467,lives_in_a_shell
1468,lives_in_africa
1469,lives_in_antarctic
1470,lives_in_aquariums
1471,lives_in_arctic
1472,lives_in_atlantic
1473,lives_in_australia
1474,lives_in_cages
1475,lives_in_canada
1476,lives_in_caves
1477,lives_in_cities
1478,lives_in_cold_climates
1479,lives_in_coops
1480,lives_in_dams
1481,lives_in_deserts
1482,lives_in_dirt
1483,lives_in_dirty_places
1484,lives_in_fields
1485,lives_in_flocks
1486,lives_in_florida
1487,lives_in_forests
1488,lives_in_grass
1489,lives_in_ground
1490,lives_in_herds
1491,lives_in_hot_climates
1492,lives_in_houses
1493,lives_in_india
1494,lives_in_jungles
1495,lives_in_lakes
1496,lives_in_marshes
1497,lives_in_mountains
1498,lives_in_nests
1499,lives_in_north
1500,lives_in_oceans
1501,lives_in_packs
1502,lives_in_parks
1503,lives_in_pear_trees
1504,lives_in_ponds
1505,lives_in_prairies
1506,lives_in_rugs
1507,lives_in_saltwater
1508,lives_in_seas
1509,lives_in_sewers
1510,lives_in_spain
1511,lives_in_stables
1512,lives_in_swamps
1513,lives_in_trees
1514,lives_in_walls
1515,lives_in_warm_climates
1516,lives_in_water
1517,lives_in_wilderness
1518,lives_in_woods
1519,lives_in_zoos
1520,lives_near_water
1521,lives_on_animals
1522,lives_on_beaches
1523,lives_on_cats
1524,lives_on_dogs
1525,lives_on_farms
1526,lives_on_land
1527,lives_on_lily_pads
1528,lives_on_pets
1529,lives_on_ponds
1530,lives_on_the_sand
1531,lives_on_water
1532,made_by_bees
1533,made_by_black_and_decker
1534,made_by_crayola
1535,made_by_egyptians
1536,made_by_hallmark
1537,made_by_harley_davidson
1538,made_by_humans
1539,made_by_n.a.s.a.
1540,made_by_oysters
1541,made_from_dried_grapes
1542,made_from_dried_plums
1543,made_from_grapes
1544,made_from_milk
1545,made_from_plums
1546,made_from_wood
1547,made_in_cuba
1548,made_in_ovens
1549,made_of_animals
1550,made_of_beads
1551,made_of_birch_bark
1552,made_of_blocks
1553,made_of_brass
1554,made_of_brick
1555,made_of_bronze
1556,made_of_burlap
1557,made_of_canvas
1558,made_of_cardboard
1559,made_of_cast_iron
1560,made_of_cement
1561,made_of_ceramic
1562,made_of_china
1563,made_of_chrome
1564,made_of_cloth
1565,made_of_concrete
1566,made_of_copper
1567,made_of_cotton
1568,made_of_crystal
1569,made_of_cucumbers
1570,made_of_denim
1571,made_of_diamonds
1572,made_of_different_fabrics
1573,made_of_different_materials
1574,made_of_drywall
1575,made_of_enamel
1576,made_of_fiberglass
1577,made_of_fibreglass
1578,made_of_flour
1579,made_of_flowers
1580,made_of_fur
1581,made_of_glass
1582,made_of_gold
1583,made_of_graphite
1584,made_of_grass
1585,made_of_iron
1586,made_of_ivory
1587,made_of_lace
1588,made_of_lead
1589,made_of_leather
1590,made_of_logs
1591,made_of_material
1592,made_of_metal
1593,made_of_mink
1594,made_of_nylon
1595,made_of_paper
1596,made_of_pearls
1597,made_of_pig_skin
1598,made_of_plastic
1599,made_of_porcelain
1600,made_of_rubber
1601,made_of_sand
1602,made_of_silk
1603,made_of_silver
1604,made_of_spandex
1605,made_of_stainless_steel
1606,made_of_steel
1607,made_of_stones
1608,made_of_straw
1609,made_of_suede
1610,made_of_terry_cloth
1611,made_of_tobacco
1612,made_of_vodka_and_orange_juice
1613,made_of_wax
1614,made_of_wheat
1615,made_of_wicker
1616,made_of_wire
1617,made_of_wood
1618,made_of_wool
1619,made_with_flour
1620,made_with_sugar
1621,made_with_yeast
1622,owned_by_companies
1623,part_of_a_fence
1624,part_of_a_house
1625,part_of_a_set_of_dishes
1626,part_of_a_tree
1627,part_of_refrigerators
1628,part_of_table_setting
1629,requires_a_bow
1630,requires_a_conductor
1631,requires_a_crew
1632,requires_a_fare
1633,requires_a_frame
1634,requires_a_hammer
1635,requires_a_landlord
1636,requires_a_license
1637,requires_a_lighter
1638,requires_a_lighting_source
1639,requires_a_mouse_pad
1640,requires_a_pick
1641,requires_a_screen
1642,requires_a_socket
1643,requires_a_spoon
1644,requires_a_stamp
1645,requires_air
1646,requires_an_address
1647,requires_arrows
1648,requires_baking
1649,requires_balance
1650,requires_boots
1651,requires_bullets
1652,requires_candles
1653,requires_captains
1654,requires_caregivers
1655,requires_cleaning
1656,requires_coal
1657,requires_crews
1658,requires_detergent
1659,requires_drivers
1660,requires_electricity
1661,requires_engineers
1662,requires_extermination
1663,requires_fuel
1664,requires_gas
1665,requires_gasoline
1666,requires_gunpowder
1667,requires_helium
1668,requires_hot_air
1669,requires_icing
1670,requires_ink
1671,requires_ironing
1672,requires_licking
1673,requires_money
1674,requires_nuclear_power
1675,requires_oil
1676,requires_operators
1677,requires_painting
1678,requires_paper
1679,requires_pilots
1680,requires_poles
1681,requires_rent
1682,requires_setting_up
1683,requires_shepherds
1684,requires_skill
1685,requires_slicing
1686,requires_soap
1687,requires_sticks
1688,requires_vacuuming
1689,requires_washing
1690,requires_water
1691,requires_waxing
1692,requires_wind
1693,requires_winding
1694,requires_wood
1695,smells_bad
1696,smells_distinct
1697,smells_nice
1698,sounds_great
1699,symbol
1700,symbol_of_canada
1701,symbol_of_death
1702,symbol_of_freedom
1703,symbol_of_marriages
1704,symbol_of_peace
1705,symbol_of_power
1706,symbol_of_royalty
1707,symbol_of_spring
1708,symbol_of_status
1709,symbol_of_u.s.
1710,tastes_bad
1711,tastes_bland
1712,tastes_different_flavours
1713,tastes_dill
1714,tastes_good
1715,tastes_hot/spicy
1716,tastes_salty
1717,tastes_sour
1718,tastes_strong
1719,tastes_sweet
1720,tastes_tart
1721,used_a_while_ago
1722,used_as_a_gift
1723,used_as_a_hand
1724,used_as_a_home_by_bees
1725,used_as_a_home_by_queen_bees
1726,used_as_a_house
1727,used_as_a_place_to_stay
1728,used_as_a_projectile
1729,used_as_a_room
1730,used_as_christmas_trees
1731,used_as_drug
1732,used_as_home_by_animals
1733,used_as_money
1734,used_as_presents
1735,used_at_dinners
1736,used_at_easter
1737,"[u""used_at_hallowe'en""]"
1738,used_at_hiroshima
1739,used_at_night
1740,used_at_parties
1741,used_at_restaurants
1742,used_at_school
1743,used_at_special_occasions
1744,used_at_weddings
1745,used_by_1_2_or_3_people
1746,used_by_1_or_2_people
1747,used_by_2_people
1748,used_by_armies
1749,used_by_astronauts
1750,used_by_babies
1751,used_by_blowing_air_through
1752,used_by_bouncing
1753,used_by_boys
1754,used_by_butchers
1755,used_by_carrying
1756,used_by_cars
1757,used_by_carving
1758,used_by_catholics
1759,used_by_cheerleaders
1760,used_by_children
1761,used_by_clipping/shearing
1762,used_by_closing
1763,used_by_closing_at_night
1764,used_by_clowns
1765,used_by_connecting_to_computers
1766,used_by_connecting_to_pipes
1767,used_by_criminals
1768,used_by_cutting
1769,used_by_david_on_goliath
1770,used_by_dropping
1771,used_by_fairies
1772,used_by_filling
1773,used_by_firemen
1774,used_by_firing_arrows
1775,used_by_firing_from_gun
1776,used_by_flushing
1777,used_by_flying
1778,used_by_folding/unfolding
1779,used_by_gardeners
1780,used_by_girls
1781,used_by_hanging
1782,used_by_hanging_from_ceilings
1783,used_by_hanging_in_windows
1784,used_by_hanging_things_on
1785,"[u""used_by_hell's_angels""]"
1786,used_by_hitting
1787,used_by_hitting_balls
1788,used_by_hospitals
1789,used_by_humans
1790,used_by_hunters
1791,used_by_indians
1792,used_by_inhaling
1793,used_by_kicking
1794,used_by_knights
1795,used_by_lifeguards
1796,used_by_lumberjacks
1797,used_by_magicians
1798,used_by_mailing
1799,used_by_many_passengers
1800,used_by_men
1801,used_by_moving_bellows
1802,used_by_musicians
1803,used_by_old_men
1804,used_by_opening
1805,used_by_opening_into_a_bed
1806,used_by_paramedics
1807,used_by_people
1808,used_by_photographers
1809,used_by_pirates
1810,used_by_playing
1811,used_by_plucking
1812,used_by_portaging
1813,used_by_pulling
1814,used_by_pulling_behind_cars
1815,used_by_pulling_by_dogs
1816,used_by_pulling_by_horses
1817,used_by_pushing
1818,used_by_reading
1819,used_by_rich_people
1820,used_by_riding
1821,used_by_riding_by_children
1822,used_by_rocking
1823,used_by_sailors
1824,used_by_santa
1825,used_by_schools
1826,used_by_sealing
1827,used_by_shooting
1828,used_by_sick_people
1829,used_by_sitting_on
1830,used_by_smokers
1831,used_by_smoking
1832,used_by_soldiers
1833,used_by_sprinkling
1834,used_by_standing_on
1835,used_by_students
1836,used_by_swinging
1837,used_by_teachers
1838,used_by_the_army
1839,used_by_the_military
1840,used_by_the_navy
1841,used_by_the_police
1842,used_by_thieves
1843,used_by_thoughtful_people
1844,used_by_throwing
1845,used_by_throwing_in_air
1846,used_by_tightening
1847,used_by_tom_sawyer
1848,used_by_trains
1849,used_by_turning
1850,used_by_twirling
1851,used_by_twisting
1852,used_by_tying
1853,used_by_waitresses
1854,used_by_waving
1855,used_by_witches
1856,used_by_women
1857,used_by_zoos
1858,used_for_accomplishments
1859,used_for_achievements
1860,used_for_acquiring/storing_knowledge
1861,used_for_advertising
1862,used_for_aerating_soil
1863,used_for_alerting
1864,used_for_amusement
1865,used_for_animals
1866,used_for_appliances
1867,used_for_archery
1868,used_for_art
1869,used_for_ashes
1870,used_for_attaching_things
1871,used_for_avoiding_stairs
1872,used_for_babies
1873,used_for_badminton
1874,used_for_bait
1875,used_for_baking
1876,used_for_bathing
1877,used_for_battle
1878,used_for_birds
1879,used_for_birthdays
1880,used_for_blowing_air
1881,used_for_boats
1882,used_for_bodily_functions
1883,used_for_boiling_water
1884,used_for_breakfast
1885,used_for_breaking_things
1886,used_for_broiling
1887,used_for_browning_bread
1888,used_for_bubble_baths
1889,used_for_building
1890,used_for_building_buildings
1891,used_for_building_houses
1892,used_for_building_things
1893,used_for_bullfighting
1894,used_for_burning_bread
1895,used_for_business
1896,used_for_butts
1897,used_for_buying_items
1898,used_for_calling_people
1899,used_for_camping
1900,used_for_cargo
1901,used_for_carpentry
1902,used_for_carrying_drinks
1903,used_for_carrying_groceries
1904,used_for_carrying_people
1905,used_for_carrying_things
1906,used_for_carrying_water
1907,used_for_carving
1908,used_for_catching
1909,used_for_catching_drips
1910,used_for_celebrating
1911,used_for_certifying
1912,used_for_chewing_by_dogs
1913,used_for_chopping
1914,used_for_chopping_food
1915,used_for_chopping_wood
1916,used_for_cider
1917,used_for_cigarettes
1918,used_for_classical_music
1919,used_for_cleaning
1920,used_for_cleaning_dishes
1921,used_for_climbing
1922,used_for_closing_doors
1923,used_for_coats
1924,used_for_coffee
1925,used_for_collecting
1926,used_for_colouring
1927,used_for_colouring_books
1928,used_for_combing
1929,used_for_communication
1930,used_for_connecting_land
1931,used_for_construction
1932,used_for_controlling_the_cursor
1933,used_for_cooking
1934,used_for_cooking_bread
1935,used_for_cooking_fast
1936,used_for_cooling
1937,used_for_cooling_food
1938,used_for_covering
1939,used_for_covering_body
1940,used_for_covering_floors
1941,used_for_covering_windows
1942,used_for_cows
1943,used_for_crimes
1944,used_for_criminals
1945,used_for_crossing
1946,used_for_cruising
1947,used_for_currency
1948,used_for_cutting
1949,used_for_cutting_paper
1950,used_for_decoration
1951,used_for_delivering_babies
1952,used_for_delivering_power
1953,used_for_dentistry
1954,used_for_destruction
1955,used_for_digging
1956,used_for_digging_holes
1957,used_for_dispensing_water
1958,used_for_dividing_rooms
1959,used_for_diving_boards
1960,used_for_docking_boats
1961,used_for_draining
1962,used_for_draining_liquids
1963,used_for_drawing
1964,used_for_drawing_blood
1965,used_for_drawing_pictures
1966,used_for_drawing_straight_lines
1967,used_for_drinking
1968,used_for_drinks
1969,used_for_eating
1970,used_for_eating_cereal
1971,used_for_eating_dessert
1972,used_for_eating_on
1973,used_for_eating_soup
1974,used_for_electricity
1975,used_for_emergencies
1976,used_for_enclosing
1977,used_for_enlarging_pictures
1978,used_for_ensuring_freshness
1979,used_for_entering
1980,used_for_events
1981,used_for_exercising
1982,used_for_exiting
1983,used_for_expelling_water
1984,used_for_farming
1985,used_for_fastening
1986,used_for_feeding_cats
1987,used_for_fevers
1988,used_for_finding_gold
1989,used_for_fishing
1990,used_for_flavouring
1991,used_for_flipping
1992,used_for_food
1993,used_for_freezing
1994,used_for_freezing_food
1995,used_for_freight
1996,used_for_fruit
1997,used_for_frying
1998,used_for_fur
1999,used_for_games
2000,used_for_gardening
2001,used_for_garnish
2002,used_for_getting_cold_water
2003,used_for_getting_hot_water
2004,used_for_gifts
2005,used_for_good_eyesight
2006,used_for_grating_cheese
2007,used_for_gripping
2008,used_for_grooming
2009,used_for_hair
2010,used_for_hangings
2011,used_for_heating
2012,used_for_heating_food
2013,used_for_heating_water
2014,used_for_hitting
2015,used_for_hitting_balls
2016,used_for_holding
2017,used_for_holding_animals
2018,used_for_holding_beer
2019,used_for_holding_boats_still
2020,used_for_holding_books
2021,used_for_holding_cameras
2022,used_for_holding_food
2023,used_for_holding_garbage
2024,used_for_holding_jam
2025,used_for_holding_liquids
2026,used_for_holding_paper
2027,used_for_holding_pictures
2028,used_for_holding_potatoes
2029,used_for_holding_things
2030,used_for_holding_things_together
2031,used_for_holding_water
2032,used_for_holding_wine
2033,used_for_hot_chocolate
2034,used_for_hot_drinks
2035,used_for_housing_people
2036,used_for_hunting
2037,used_for_hunting_small_game
2038,used_for_inflicting_pain
2039,used_for_injuries
2040,used_for_injuring
2041,used_for_insulation
2042,used_for_italian_cooking
2043,"[u""used_for_jack_o'lanterns""]"
2044,used_for_juice
2045,used_for_jumping
2046,used_for_junk
2047,used_for_keeping_dry
2048,used_for_keeping_fish
2049,used_for_keeping_food_fresh
2050,used_for_keeping_out_intruders
2051,used_for_keeping_out_light
2052,used_for_keeping_out_light/sun
2053,used_for_keeping_out_sun
2054,used_for_keeping_things_in
2055,used_for_keeping_things_out
2056,used_for_keeping_time
2057,used_for_killing
2058,used_for_killing_whales
2059,used_for_launching_objects
2060,used_for_laundry
2061,used_for_learning
2062,used_for_leisure
2063,used_for_lemonade
2064,used_for_lifting
2065,used_for_light
2066,used_for_liquids
2067,used_for_listening
2068,used_for_listening_to_music
2069,used_for_listening_to_news
2070,used_for_listening_to_talk_shows
2071,used_for_living_in
2072,used_for_locking/unlocking_cars
2073,used_for_locking/unlocking_doors
2074,used_for_locks
2075,used_for_looking
2076,used_for_loosening
2077,used_for_loosening_bolts
2078,used_for_loosening_screws
2079,used_for_lying_down
2080,used_for_magic
2081,used_for_magnifying
2082,used_for_making_cakes
2083,used_for_making_coffee
2084,used_for_making_drinks
2085,used_for_making_furniture
2086,used_for_making_guacamole
2087,used_for_making_holes
2088,used_for_making_ice_cubes
2089,used_for_making_jams
2090,used_for_making_light
2091,used_for_making_milkshakes
2092,used_for_making_paper
2093,used_for_making_pies
2094,used_for_making_straight_lines
2095,used_for_making_tea
2096,used_for_making_things
2097,used_for_math
2098,used_for_measuring
2099,used_for_measuring_evenness
2100,used_for_measuring_temperatures
2101,used_for_measuring_weather
2102,used_for_message_boards
2103,used_for_metal
2104,used_for_mixing
2105,used_for_mixing_liquids
2106,used_for_mobility
2107,used_for_moving_snow
2108,used_for_moving_things
2109,used_for_music
2110,used_for_off_roading
2111,used_for_offices
2112,used_for_oil
2113,used_for_opening_bottles
2114,used_for_opening_doors
2115,used_for_opening_things
2116,used_for_opening_wine_bottles
2117,used_for_ordering_food
2118,used_for_organizing
2119,used_for_painting
2120,used_for_passengers
2121,used_for_pasta
2122,used_for_performing_tricks
2123,used_for_personal_space
2124,used_for_picking_up_food
2125,used_for_picking_up_items
2126,used_for_picnics
2127,used_for_pies
2128,used_for_pillow_fights
2129,used_for_playing
2130,used_for_playing_am
2131,used_for_playing_cassettes
2132,"[u""used_for_playing_cd's""]"
2133,used_for_playing_different_stations
2134,used_for_playing_fm
2135,used_for_playing_jazz
2136,used_for_playing_records
2137,used_for_playing_with_dogs
2138,used_for_ploughing
2139,used_for_plumbing
2140,used_for_poking
2141,used_for_posting
2142,used_for_pounding
2143,used_for_pounding_nails
2144,used_for_praying
2145,used_for_predicting_weather
2146,used_for_preserves
2147,used_for_preserving_food
2148,used_for_preventing_biting
2149,used_for_preventing_noise
2150,used_for_prevention
2151,used_for_privacy
2152,used_for_producing_cheese
2153,used_for_producing_milk
2154,used_for_producing_rhythm
2155,used_for_projecting
2156,used_for_protecting_things
2157,used_for_protection
2158,used_for_providing_boundaries
2159,used_for_prying_things_open
2160,used_for_public_transportation
2161,used_for_pulling
2162,used_for_pulling_nails
2163,used_for_punishment
2164,used_for_putting_food_on
2165,used_for_putting_things_on
2166,used_for_racing
2167,used_for_racquet_ball
2168,used_for_raisins
2169,used_for_reading
2170,used_for_recognition
2171,used_for_recreation
2172,used_for_regulating
2173,used_for_regulating_water
2174,used_for_relaxing
2175,used_for_removing
2176,used_for_removing_corks
2177,used_for_removing_dirt
2178,used_for_removing_dust
2179,used_for_removing_leaves
2180,used_for_removing_snow
2181,used_for_repairs
2182,used_for_repelling
2183,used_for_repelling_dracula
2184,used_for_repelling_vampires
2185,used_for_rescuing
2186,used_for_residences
2187,used_for_resting
2188,used_for_resting_head
2189,used_for_restraining
2190,used_for_riding
2191,used_for_riding_on_sidewalks
2192,used_for_riding_rapids
2193,used_for_rocking
2194,used_for_rocks
2195,used_for_romancing
2196,used_for_rugged_terrain
2197,used_for_sailing
2198,used_for_scalping
2199,used_for_science
2200,used_for_scooping
2201,used_for_sculpting
2202,used_for_sealing
2203,used_for_sealing_bottles
2204,used_for_sealing_wine_bottles
2205,used_for_seating_many_people
2206,used_for_securing
2207,used_for_seeing_things_close-up
2208,used_for_selecting_meals
2209,used_for_sending_letters
2210,used_for_separating
2211,used_for_sermons
2212,used_for_serving_food
2213,used_for_sewing
2214,used_for_sex
2215,used_for_shaving
2216,used_for_shelter
2217,used_for_shooting
2218,used_for_shopping
2219,used_for_showers
2220,used_for_showing_films
2221,used_for_showing_reflections
2222,used_for_shredding_things
2223,used_for_sleeping
2224,used_for_sleeping_in
2225,used_for_slicing
2226,used_for_sliding_down_hills
2227,used_for_smoking_drugs
2228,used_for_smoking_tobacco
2229,used_for_smoothing
2230,used_for_smoothing_wood
2231,used_for_soup
2232,used_for_special_occasions
2233,used_for_sports
2234,used_for_squash
2235,used_for_stability
2236,used_for_starting_fires
2237,used_for_staying_stationary
2238,used_for_stimulating_imagination
2239,used_for_stirring
2240,used_for_storage
2241,used_for_storing_beer
2242,used_for_storing_bicycles
2243,used_for_storing_books
2244,used_for_storing_cans
2245,used_for_storing_cars
2246,used_for_storing_clothing
2247,used_for_storing_cups
2248,used_for_storing_dishes
2249,used_for_storing_farm_equipment
2250,used_for_storing_food
2251,used_for_storing_hay
2252,used_for_storing_ice_cream
2253,used_for_storing_lawnmowers
2254,used_for_storing_meat
2255,used_for_storing_shoes
2256,used_for_storing_tools
2257,used_for_storing_tractors
2258,used_for_storing_water
2259,used_for_storing_wine
2260,used_for_straining
2261,used_for_styling
2262,used_for_support
2263,used_for_surgery
2264,used_for_sweeping
2265,used_for_swinging
2266,used_for_sympathy
2267,used_for_talking
2268,used_for_tea
2269,used_for_telling_time
2270,used_for_tennis
2271,used_for_terrorism
2272,used_for_the_rain
2273,used_for_throwing
2274,used_for_throwing_stones
2275,used_for_tightening
2276,used_for_tightening_bolts
2277,used_for_tightening_nuts
2278,used_for_tightening_screws
2279,used_for_tilling_soil
2280,used_for_tobogganing
2281,used_for_torture
2282,used_for_transportation
2283,used_for_transporting_liquids
2284,used_for_trapping
2285,used_for_travel
2286,used_for_traveling_into_space
2287,used_for_trucking
2288,used_for_turning
2289,used_for_turning_screws
2290,used_for_tying
2291,used_for_typing
2292,used_for_unlocking_things
2293,used_for_untangling
2294,used_for_vacations
2295,used_for_vegetables
2296,used_for_waking_up_people
2297,used_for_walking
2298,used_for_walking_along
2299,used_for_walking_on
2300,used_for_war
2301,used_for_warmth
2302,used_for_washing
2303,used_for_washing_cars
2304,used_for_washing_dishes
2305,used_for_watching_television
2306,used_for_water
2307,used_for_watering_gardens
2308,used_for_watering_lawns
2309,used_for_weddings
2310,used_for_weeding
2311,used_for_welcoming
2312,used_for_wine
2313,used_for_wiping_feet
2314,used_for_wiping_hands
2315,used_for_wiping_mouth
2316,used_for_wiping_shoes
2317,used_for_wood_working
2318,used_for_wool
2319,used_for_work
2320,used_for_working
2321,used_for_working_on
2322,used_for_worshipping
2323,used_for_wounding
2324,used_for_writing
2325,used_for_writing_letters
2326,used_for_writing_on
2327,used_in_alcoholic_drinks
2328,used_in_autumn
2329,used_in_baking
2330,used_in_bands
2331,used_in_circuses
2332,used_in_cooking
2333,used_in_deserts
2334,used_in_desserts
2335,used_in_experiments
2336,used_in_games
2337,used_in_guns
2338,used_in_macbeth
2339,used_in_marching_bands
2340,used_in_movies/jason
2341,used_in_orchestras
2342,used_in_relay_races
2343,used_in_sandwiches
2344,used_in_sprite
2345,used_in_summer
2346,used_in_symphonies
2347,used_in_the_cold
2348,used_in_the_wild_west
2349,used_in_the_winter
2350,used_in_wars
2351,used_in_winter
2352,used_in_wood
2353,used_long_ago
2354,used_on_animals
2355,used_on_beaches
2356,used_on_bicycles
2357,used_on_boards
2358,used_on_boats
2359,used_on_bottles
2360,used_on_bulletin_boards
2361,used_on_cars
2362,used_on_dogs
2363,used_on_farms
2364,used_on_floors
2365,used_on_hair
2366,used_on_horses
2367,used_on_lakes
2368,used_on_lawns
2369,used_on_lions
2370,used_on_mountains
2371,used_on_oceans
2372,used_on_presents
2373,used_on_rail_tracks
2374,used_on_rivers
2375,used_on_sand
2376,used_on_ships
2377,used_on_snow
2378,used_on_stove_tops
2379,used_on_sundays
2380,used_on_teeth
2381,used_on_tracks
2382,used_on_walls
2383,used_on_water
2384,used_on_waves
2385,used_outdoors
2386,used_underwater
2387,used_when_people_are_ill
2388,used_with_an_outlet
2389,used_with_chairs
2390,used_with_chalk
2391,used_with_cups
2392,used_with_dirt
2393,used_with_fingers
2394,used_with_food
2395,used_with_forks
2396,used_with_helmets
2397,used_with_knives
2398,used_with_leather
2399,used_with_needles
2400,used_with_nuts
2401,used_with_paddles
2402,used_with_paper
2403,used_with_poles
2404,used_with_rods
2405,used_with_salt
2406,used_with_saucers
2407,used_with_screwdrivers
2408,used_with_screws
2409,used_with_spoons
2410,used_with_sprinklers
2411,used_with_tables
2412,used_with_tea_cups
2413,uses_radiation
2414,uses_sound_waves
2415,worn
2416,worn_around_neck
2417,worn_around_waist
2418,worn_as_earrings
2419,worn_as_jewelry
2420,worn_as_necklaces
2421,worn_at_beaches
2422,worn_at_night
2423,worn_by_brides
2424,worn_by_children
2425,worn_by_cooks
2426,worn_by_girls
2427,worn_by_hockey_players
2428,worn_by_jesus_christ
2429,worn_by_kings
2430,worn_by_knights
2431,worn_by_men
2432,worn_by_men_-_kilt
2433,worn_by_old_women
2434,worn_by_people
2435,worn_by_queens
2436,worn_by_rich_people
2437,worn_by_royalty
2438,worn_by_sports_teams
2439,worn_by_super_heroes
2440,worn_by_women
2441,worn_for_aerobics
2442,worn_for_ballet
2443,worn_for_bathing
2444,worn_for_blocking_the_sun
2445,worn_for_covering
2446,worn_for_covering_body
2447,worn_for_covering_clothes
2448,worn_for_covering_faces
2449,worn_for_covering_feet
2450,worn_for_covering_legs
2451,worn_for_dancing
2452,worn_for_evening
2453,worn_for_exercising
2454,worn_for_exposing_feet
2455,worn_for_fighting
2456,worn_for_formal_occasions
2457,worn_for_funerals
2458,worn_for_holding_up_pants
2459,worn_for_keeping_feet_dry
2460,worn_for_keeping_feet_warm
2461,worn_for_keeping_hands_warm
2462,worn_for_keeping_warm
2463,worn_for_pants
2464,worn_for_protecting_feet
2465,worn_for_protection
2466,worn_for_riding_bicycles
2467,worn_for_running
2468,worn_for_showers
2469,worn_for_special_occasions
2470,worn_for_sports
2471,worn_for_suntanning
2472,worn_for_support
2473,worn_for_supporting_breasts
2474,worn_for_surgery
2475,worn_for_swimming
2476,worn_for_the_cold
2477,worn_for_the_rain
2478,worn_for_the_snow
2479,worn_for_walking
2480,worn_for_walking_in_sand
2481,worn_for_warmth
2482,worn_for_weddings
2483,worn_for_winter
2484,worn_in_cold_temperatures
2485,worn_in_fall
2486,worn_in_hair
2487,worn_in_hot_weather
2488,worn_in_houses
2489,worn_in_kitchens
2490,worn_in_summer
2491,worn_in_winter
2492,worn_indoors
2493,worn_on_ankles
2494,worn_on_back
2495,worn_on_chest
2496,worn_on_feet
2497,worn_on_fingers
2498,worn_on_hands
2499,worn_on_heads
2500,worn_on_legs
2501,worn_on_motorcycles
2502,worn_on_necklaces
2503,worn_on_rings
2504,worn_on_shoulders
2505,worn_on_the_head
2506,worn_on_the_legs
2507,worn_on_thumbs
2508,worn_on_torso
2509,worn_on_wrists
2510,worn_over_clothes
2511,worn_over_ears
2512,worn_over_mouths
2513,worn_over_pajamas
2514,worn_over_shoulder
2515,worn_through_pant_loops
2516,worn_to_bed
2517,worn_under_dresses
2518,worn_under_shirts
2519,worn_under_skirts
2520,worn_with_belts
2521,worn_with_dresses
2522,worn_with_skirts
2523,worn_with_suits
2524,worn_with_suspenders
2525,worn_with_ties
